"Start Time (GMT)","End Time (GMT)","Service","Value"
"152/00:00:00","152/00:27:06","KU AVAIL","true"
"152/00:00:00","152/00:27:06","S AVAIL","true"
"152/00:27:26","152/01:12:37","KU AVAIL","true"
"152/00:27:26","152/01:12:37","S AVAIL","true"
"152/01:12:57","152/01:37:39","KU AVAIL","true"
"152/01:12:57","152/01:37:39","S AVAIL","true"
"152/01:37:59","152/02:08:01","KU AVAIL","true"
"152/01:37:59","152/02:08:01","S AVAIL","true"
"152/02:08:21","152/02:22:50","KU AVAIL","true"
"152/02:08:21","152/02:15:05","S AVAIL","true"
"152/02:20:12","152/02:22:05","S AVAIL","true"
"152/02:42:40","152/03:11:56","S AVAIL","true"
"152/02:51:26","152/03:11:56","KU AVAIL","true"
"152/03:12:16","152/03:52:22","KU AVAIL","true"
"152/03:12:16","152/03:52:22","S AVAIL","true"
"152/03:52:42","152/03:57:40","S AVAIL","true"
"152/04:10:00","152/04:32:32","KU AVAIL","true"
"152/04:10:00","152/04:33:07","S AVAIL","true"
"152/04:33:27","152/04:59:36","KU AVAIL","true"
"152/04:33:27","152/04:59:36","S AVAIL","true"
"152/04:59:56","152/05:31:11","KU AVAIL","true"
"152/04:59:56","152/05:31:11","S AVAIL","true"
"152/05:31:31","152/05:36:39","KU AVAIL","true"
"152/05:31:31","152/05:36:39","S AVAIL","true"
"152/05:40:00","152/06:00:00","KU AVAIL","true"
"152/05:40:00","152/06:00:00","S AVAIL","true"
"152/06:00:00","152/06:14:40","KU AVAIL","true"
"152/06:00:00","152/06:14:40","S AVAIL","true"
"152/06:15:00","152/06:41:17","KU AVAIL","true"
"152/06:15:00","152/06:41:17","S AVAIL","true"
"152/06:41:37","152/07:10:17","KU AVAIL","true"
"152/06:41:37","152/07:10:17","S AVAIL","true"
"152/07:10:37","152/07:15:06","KU AVAIL","true"
"152/07:10:37","152/07:21:30","S AVAIL","true"
"152/07:23:45","152/07:25:34","S AVAIL","true"
"152/07:38:00","152/08:21:15","KU AVAIL","true"
"152/07:48:12","152/08:21:15","S AVAIL","true"
"152/08:21:35","152/08:51:50","KU AVAIL","true"
"152/08:21:35","152/08:51:50","S AVAIL","true"
"152/08:52:10","152/09:34:01","KU AVAIL","true"
"152/08:52:10","152/09:34:01","S AVAIL","true"
"152/09:34:21","152/10:05:03","KU AVAIL","true"
"152/09:34:21","152/10:05:03","S AVAIL","true"
"152/10:05:23","152/10:31:10","KU AVAIL","true"
"152/10:05:23","152/10:31:10","S AVAIL","true"
"152/10:31:30","152/10:35:31","KU AVAIL","true"
"152/10:31:30","152/10:35:31","S AVAIL","true"
"152/10:35:51","152/11:09:15","KU AVAIL","true"
"152/10:35:51","152/11:09:55","S AVAIL","true"
"152/11:10:15","152/11:33:07","KU AVAIL","true"
"152/11:10:15","152/11:33:07","S AVAIL","true"
"152/11:33:27","152/12:08:47","KU AVAIL","true"
"152/11:33:27","152/12:08:47","S AVAIL","true"
"152/12:09:07","152/12:44:46","S AVAIL","true"
"152/12:09:11","152/12:44:05","KU AVAIL","true"
"152/12:45:06","152/13:07:48","S AVAIL","true"
"152/12:48:55","152/13:07:48","KU AVAIL","true"
"152/13:08:08","152/13:49:24","KU AVAIL","true"
"152/13:08:08","152/13:49:24","S AVAIL","true"
"152/13:49:44","152/14:28:35","KU AVAIL","true"
"152/13:49:44","152/14:23:19","S AVAIL","true"
"152/14:24:08","152/14:28:35","S AVAIL","true"
"152/14:28:55","152/14:51:37","KU AVAIL","true"
"152/14:28:55","152/14:51:37","S AVAIL","true"
"152/14:51:57","152/15:27:34","KU AVAIL","true"
"152/14:51:57","152/15:27:34","S AVAIL","true"
"152/15:27:54","152/16:00:06","KU AVAIL","true"
"152/15:27:54","152/16:00:06","S AVAIL","true"
"152/16:00:26","152/16:45:11","S AVAIL","true"
"152/16:01:26","152/16:45:11","KU AVAIL","true"
"152/16:45:31","152/17:01:40","KU AVAIL","true"
"152/17:02:00","152/17:42:15","KU AVAIL","true"
"152/17:02:00","152/17:42:15","S AVAIL","true"
"152/17:42:35","152/18:09:05","KU AVAIL","true"
"152/17:42:35","152/18:09:05","S AVAIL","true"
"152/18:09:25","152/18:49:36","KU AVAIL","true"
"152/18:09:25","152/18:49:36","S AVAIL","true"
"152/18:49:56","152/19:33:09","KU AVAIL","true"
"152/18:49:56","152/19:33:09","S AVAIL","true"
"152/19:33:29","152/19:50:22","KU AVAIL","true"
"152/19:33:29","152/19:50:22","S AVAIL","true"
"152/19:50:42","152/20:26:05","KU AVAIL","true"
"152/19:50:42","152/20:28:45","S AVAIL","true"
"152/20:29:05","152/21:05:48","KU AVAIL","true"
"152/20:29:51","152/21:05:48","S AVAIL","true"
"152/21:06:08","152/21:29:33","KU AVAIL","true"
"152/21:06:08","152/21:29:33","S AVAIL","true"
"152/21:29:53","152/22:02:33","KU AVAIL","true"
"152/21:29:53","152/22:02:33","S AVAIL","true"
"152/22:02:53","152/22:48:50","S AVAIL","true"
"152/22:07:55","152/22:43:28","KU AVAIL","true"
"152/22:49:10","152/23:00:00","KU AVAIL","true"
"152/23:06:20","152/23:40:59","KU AVAIL","true"
"152/23:06:20","152/23:40:59","S AVAIL","true"
"152/23:41:19","153/00:25:21","S AVAIL","true"
"152/23:45:24","153/00:26:32","KU AVAIL","true"
"153/00:41:55","153/01:18:45","KU AVAIL","true"
"153/00:41:55","153/01:18:45","S AVAIL","true"
"153/01:19:05","153/02:02:37","KU AVAIL","true"
"153/01:19:05","153/02:02:37","S AVAIL","true"
"153/02:19:09","153/02:20:33","KU AVAIL","true"
"153/02:19:22","153/03:00:27","S AVAIL","true"
"153/02:21:34","153/03:00:27","KU AVAIL","true"
"153/03:00:47","153/03:43:23","KU AVAIL","true"
"153/03:00:47","153/03:43:29","S AVAIL","true"
"153/04:03:29","153/04:14:19","KU AVAIL","true"
"153/04:03:29","153/04:14:19","S AVAIL","true"
"153/04:14:39","153/04:42:42","KU AVAIL","true"
"153/04:14:39","153/04:42:42","S AVAIL","true"
"153/04:43:02","153/05:25:55","KU AVAIL","true"
"153/04:43:02","153/05:26:31","S AVAIL","true"
"153/05:42:45","153/06:21:46","S AVAIL","true"
"153/05:49:04","153/06:21:46","KU AVAIL","true"
"153/06:22:06","153/07:06:58","KU AVAIL","true"
"153/06:22:06","153/07:06:58","S AVAIL","true"
"153/07:24:30","153/08:02:11","S AVAIL","true"
"153/07:26:34","153/08:02:11","KU AVAIL","true"
"153/08:02:31","153/08:45:40","KU AVAIL","true"
"153/08:02:31","153/08:45:40","S AVAIL","true"
"153/08:46:00","153/09:01:44","KU AVAIL","true"
"153/08:46:00","153/09:01:44","S AVAIL","true"
"153/09:02:04","153/09:38:39","KU AVAIL","true"
"153/09:02:04","153/09:38:39","S AVAIL","true"
"153/09:38:59","153/10:23:42","KU AVAIL","true"
"153/09:38:59","153/10:23:42","S AVAIL","true"
"153/10:24:02","153/10:38:24","KU AVAIL","true"
"153/10:24:02","153/10:38:24","S AVAIL","true"
"153/10:38:44","153/11:20:28","KU AVAIL","true"
"153/10:38:44","153/11:20:28","S AVAIL","true"
"153/11:20:48","153/12:00:00","S AVAIL","true"
"153/11:21:06","153/11:56:06","KU AVAIL","true"
"153/12:00:20","153/12:19:54","KU AVAIL","true"
"153/12:00:20","153/12:19:54","S AVAIL","true"
"153/12:20:14","153/12:59:29","KU AVAIL","true"
"153/12:20:14","153/12:59:29","S AVAIL","true"
"153/12:59:49","153/13:40:25","KU AVAIL","true"
"153/12:59:49","153/13:34:41","S AVAIL","true"
"153/13:35:44","153/13:40:25","S AVAIL","true"
"153/13:53:06","153/14:34:00","S AVAIL","true"
"153/14:01:58","153/14:34:00","KU AVAIL","true"
"153/14:34:20","153/15:20:00","KU AVAIL","true"
"153/14:37:47","153/15:12:02","S AVAIL","true"
"153/15:37:17","153/16:02:45","S AVAIL","true"
"153/15:43:54","153/16:06:35","KU AVAIL","true"
"153/16:08:53","153/16:10:14","KU AVAIL","true"
"153/16:09:12","153/16:52:51","S AVAIL","true"
"153/16:11:20","153/16:52:51","KU AVAIL","true"
"153/16:53:11","153/17:21:30","KU AVAIL","true"
"153/16:53:11","153/17:21:30","S AVAIL","true"
"153/17:21:50","153/17:58:27","KU AVAIL","true"
"153/17:21:50","153/17:58:27","S AVAIL","true"
"153/17:58:47","153/18:36:28","KU AVAIL","true"
"153/17:58:47","153/18:36:28","S AVAIL","true"
"153/18:36:48","153/19:02:53","KU AVAIL","true"
"153/18:36:48","153/19:02:53","S AVAIL","true"
"153/19:03:13","153/19:38:00","KU AVAIL","true"
"153/19:03:13","153/19:40:40","S AVAIL","true"
"153/19:41:00","153/20:16:38","KU AVAIL","true"
"153/19:41:50","153/20:16:38","S AVAIL","true"
"153/20:33:08","153/21:14:18","S AVAIL","true"
"153/20:39:36","153/21:14:18","KU AVAIL","true"
"153/21:14:38","153/22:01:38","S AVAIL","true"
"153/21:19:44","153/21:55:20","KU AVAIL","true"
"153/22:03:49","153/22:04:50","S AVAIL","true"
"153/22:09:36","153/22:57:02","KU AVAIL","true"
"153/22:17:27","153/22:57:02","S AVAIL","true"
"153/22:57:22","153/23:38:36","KU AVAIL","true"
"153/22:57:22","153/23:37:33","S AVAIL","true"
"153/23:47:25","153/23:49:06","KU AVAIL","true"
"153/23:47:53","153/23:49:04","S AVAIL","true"
"153/23:49:31","154/00:29:57","KU AVAIL","true"
"153/23:51:10","154/00:29:57","S AVAIL","true"
"154/00:30:17","154/01:14:42","S AVAIL","true"
"154/00:30:38","154/01:14:42","KU AVAIL","true"
"154/01:29:44","154/01:31:05","KU AVAIL","true"
"154/01:29:54","154/02:11:09","S AVAIL","true"
"154/01:32:07","154/02:11:09","KU AVAIL","true"
"154/02:11:29","154/02:54:06","KU AVAIL","true"
"154/02:11:29","154/02:54:43","S AVAIL","true"
"154/03:12:04","154/03:55:41","KU AVAIL","true"
"154/03:12:20","154/03:13:33","S AVAIL","true"
"154/03:18:50","154/03:55:41","S AVAIL","true"
"154/03:56:01","154/04:36:33","KU AVAIL","true"
"154/03:56:01","154/04:36:57","S AVAIL","true"
"154/04:54:04","154/04:57:48","S AVAIL","true"
"154/05:00:21","154/05:32:19","S AVAIL","true"
"154/05:00:50","154/05:32:19","KU AVAIL","true"
"154/05:32:39","154/06:18:18","KU AVAIL","true"
"154/05:32:39","154/06:18:26","S AVAIL","true"
"154/06:29:15","154/07:13:06","S AVAIL","true"
"154/06:38:29","154/07:13:06","KU AVAIL","true"
"154/07:13:26","154/07:24:48","S AVAIL","true"
"154/07:14:04","154/07:50:03","KU AVAIL","true"
"154/07:50:23","154/08:13:19","KU AVAIL","true"
"154/07:50:23","154/08:13:19","S AVAIL","true"
"154/08:13:39","154/08:50:56","KU AVAIL","true"
"154/08:13:39","154/08:50:56","S AVAIL","true"
"154/08:51:16","154/09:35:58","KU AVAIL","true"
"154/08:51:16","154/09:35:58","S AVAIL","true"
"154/09:36:18","154/09:49:52","KU AVAIL","true"
"154/09:36:18","154/09:49:52","S AVAIL","true"
"154/09:50:12","154/10:32:29","KU AVAIL","true"
"154/09:50:12","154/10:32:29","S AVAIL","true"
"154/10:32:49","154/11:11:20","S AVAIL","true"
"154/10:33:08","154/11:08:31","KU AVAIL","true"
"154/11:11:40","154/11:30:40","KU AVAIL","true"
"154/11:11:40","154/11:30:40","S AVAIL","true"
"154/11:31:00","154/12:10:57","KU AVAIL","true"
"154/11:31:00","154/12:10:57","S AVAIL","true"
"154/12:11:17","154/12:45:32","KU AVAIL","true"
"154/12:11:17","154/12:45:32","S AVAIL","true"
"154/12:45:52","154/13:12:39","S AVAIL","true"
"154/12:50:10","154/13:12:39","KU AVAIL","true"
"154/13:12:59","154/13:51:32","KU AVAIL","true"
"154/13:12:59","154/13:51:32","S AVAIL","true"
"154/13:51:52","154/14:23:35","KU AVAIL","true"
"154/13:51:52","154/14:23:35","S AVAIL","true"
"154/14:23:55","154/14:30:47","KU AVAIL","true"
"154/14:23:55","154/14:25:35","S AVAIL","true"
"154/14:26:38","154/14:30:47","S AVAIL","true"
"154/14:31:07","154/14:55:05","KU AVAIL","true"
"154/14:31:07","154/14:55:05","S AVAIL","true"
"154/14:55:25","154/15:28:35","KU AVAIL","true"
"154/14:55:25","154/15:28:35","S AVAIL","true"
"154/15:28:55","154/16:03:22","KU AVAIL","true"
"154/15:28:55","154/16:03:22","S AVAIL","true"
"154/16:03:42","154/16:33:18","KU AVAIL","true"
"154/16:03:42","154/16:33:18","S AVAIL","true"
"154/16:33:38","154/17:09:13","KU AVAIL","true"
"154/16:33:38","154/17:09:13","S AVAIL","true"
"154/17:09:33","154/17:46:28","KU AVAIL","true"
"154/17:09:33","154/17:46:28","S AVAIL","true"
"154/17:46:48","154/18:16:39","KU AVAIL","true"
"154/17:46:48","154/18:16:39","S AVAIL","true"
"154/18:16:59","154/18:53:22","KU AVAIL","true"
"154/18:16:59","154/18:53:22","S AVAIL","true"
"154/18:53:42","154/19:28:56","KU AVAIL","true"
"154/18:53:42","154/19:28:56","S AVAIL","true"
"154/19:29:16","154/20:07:24","KU AVAIL","true"
"154/19:29:16","154/20:07:24","S AVAIL","true"
"154/20:25:52","154/21:13:29","S AVAIL","true"
"154/20:31:30","154/21:06:34","KU AVAIL","true"
"154/21:15:45","154/21:16:40","S AVAIL","true"
"154/21:19:21","154/21:26:31","S AVAIL","true"
"154/21:28:33","154/22:05:08","S AVAIL","true"
"154/21:29:01","154/22:08:49","KU AVAIL","true"
"154/22:06:10","154/22:08:49","S AVAIL","true"
"154/22:09:09","154/22:50:28","KU AVAIL","true"
"154/22:09:09","154/22:49:42","S AVAIL","true"
"154/22:58:35","154/23:39:39","KU AVAIL","true"
"154/23:06:04","154/23:39:39","S AVAIL","true"
"154/23:39:59","155/00:26:45","KU AVAIL","true"
"154/23:39:59","155/00:26:26","S AVAIL","true"
"155/00:40:11","155/00:41:32","KU AVAIL","true"
"155/00:40:22","155/01:21:38","S AVAIL","true"
"155/00:42:34","155/01:21:38","KU AVAIL","true"
"155/01:21:58","155/02:05:09","KU AVAIL","true"
"155/01:21:58","155/02:05:19","S AVAIL","true"
"155/02:22:50","155/02:23:58","KU AVAIL","true"
"155/02:25:41","155/03:02:08","KU AVAIL","true"
"155/02:26:31","155/03:02:08","S AVAIL","true"
"155/03:02:28","155/03:47:04","KU AVAIL","true"
"155/03:02:28","155/03:47:20","S AVAIL","true"
"155/04:03:29","155/04:44:46","KU AVAIL","true"
"155/04:12:28","155/04:44:46","S AVAIL","true"
"155/04:45:06","155/05:29:21","KU AVAIL","true"
"155/04:45:06","155/05:29:21","S AVAIL","true"
"155/05:41:04","155/06:24:29","S AVAIL","true"
"155/05:50:19","155/06:24:29","KU AVAIL","true"
"155/06:24:49","155/07:09:03","S AVAIL","true"
"155/06:25:36","155/07:09:03","KU AVAIL","true"
"155/07:18:58","155/08:04:30","S AVAIL","true"
"155/07:27:39","155/08:04:30","KU AVAIL","true"
"155/08:04:50","155/08:47:46","KU AVAIL","true"
"155/08:04:50","155/08:47:46","S AVAIL","true"
"155/08:48:06","155/09:01:22","KU AVAIL","true"
"155/08:48:06","155/09:01:22","S AVAIL","true"
"155/09:01:42","155/09:45:02","KU AVAIL","true"
"155/09:01:42","155/09:45:02","S AVAIL","true"
"155/09:45:22","155/10:20:23","KU AVAIL","true"
"155/09:45:22","155/10:22:42","S AVAIL","true"
"155/10:23:02","155/10:42:23","KU AVAIL","true"
"155/10:23:02","155/10:42:23","S AVAIL","true"
"155/10:42:43","155/11:22:05","KU AVAIL","true"
"155/10:42:43","155/11:22:05","S AVAIL","true"
"155/11:22:25","155/11:57:39","KU AVAIL","true"
"155/11:22:25","155/11:57:42","S AVAIL","true"
"155/11:58:02","155/12:23:02","S AVAIL","true"
"155/12:01:38","155/12:23:02","KU AVAIL","true"
"155/12:23:22","155/13:02:21","KU AVAIL","true"
"155/12:23:22","155/13:02:21","S AVAIL","true"
"155/13:02:41","155/13:39:56","KU AVAIL","true"
"155/13:02:41","155/13:37:45","S AVAIL","true"
"155/13:38:33","155/13:39:56","S AVAIL","true"
"155/13:40:16","155/14:06:04","KU AVAIL","true"
"155/13:40:16","155/14:06:04","S AVAIL","true"
"155/14:06:24","155/14:39:47","KU AVAIL","true"
"155/14:06:24","155/14:39:47","S AVAIL","true"
"155/14:40:07","155/15:13:58","KU AVAIL","true"
"155/14:40:07","155/15:13:58","S AVAIL","true"
"155/15:14:18","155/15:44:59","KU AVAIL","true"
"155/15:14:18","155/15:44:59","S AVAIL","true"
"155/15:45:19","155/16:10:16","KU AVAIL","true"
"155/15:45:19","155/16:10:16","S AVAIL","true"
"155/16:12:48","155/16:14:05","KU AVAIL","true"
"155/16:13:01","155/16:56:46","S AVAIL","true"
"155/16:15:12","155/16:56:46","KU AVAIL","true"
"155/16:57:06","155/17:21:31","KU AVAIL","true"
"155/16:57:06","155/17:21:31","S AVAIL","true"
"155/17:21:51","155/18:04:36","KU AVAIL","true"
"155/17:21:51","155/18:04:36","S AVAIL","true"
"155/18:04:56","155/18:40:50","KU AVAIL","true"
"155/18:04:56","155/18:40:50","S AVAIL","true"
"155/18:41:10","155/19:05:57","KU AVAIL","true"
"155/18:41:10","155/19:05:57","S AVAIL","true"
"155/19:06:17","155/19:38:28","KU AVAIL","true"
"155/19:06:17","155/19:38:28","S AVAIL","true"
"155/19:38:48","155/20:19:26","S AVAIL","true"
"155/19:43:11","155/20:18:13","KU AVAIL","true"
"155/20:20:21","155/20:24:17","S AVAIL","true"
"155/20:27:34","155/20:28:29","S AVAIL","true"
"155/20:31:12","155/21:16:52","S AVAIL","true"
"155/20:40:43","155/21:16:19","KU AVAIL","true"
"155/21:17:32","155/21:19:26","KU AVAIL","true"
"155/21:17:52","155/21:19:26","S AVAIL","true"
"155/21:19:46","155/22:01:06","S AVAIL","true"
"155/21:20:50","155/21:57:58","KU AVAIL","true"
"155/22:09:56","155/22:51:08","KU AVAIL","true"
"155/22:20:05","155/22:51:08","S AVAIL","true"
"155/22:51:28","155/23:37:47","S AVAIL","true"
"155/22:51:59","155/23:39:10","KU AVAIL","true"
"155/23:50:36","155/23:52:00","KU AVAIL","true"
"155/23:50:57","156/00:32:32","S AVAIL","true"
"155/23:53:01","156/00:32:32","KU AVAIL","true"
"156/00:32:52","156/01:16:01","KU AVAIL","true"
"156/00:32:52","156/01:16:01","S AVAIL","true"
"156/01:33:25","156/01:34:45","KU AVAIL","true"
"156/01:33:44","156/02:14:26","S AVAIL","true"
"156/01:35:46","156/02:14:26","KU AVAIL","true"
"156/02:14:46","156/02:57:25","KU AVAIL","true"
"156/02:14:46","156/02:57:42","S AVAIL","true"
"156/03:14:48","156/03:55:50","KU AVAIL","true"
"156/03:24:19","156/03:55:50","S AVAIL","true"
"156/03:56:10","156/04:40:04","KU AVAIL","true"
"156/03:56:10","156/04:40:16","S AVAIL","true"
"156/04:52:49","156/05:36:01","S AVAIL","true"
"156/05:02:07","156/05:36:01","KU AVAIL","true"
"156/05:36:21","156/06:20:27","S AVAIL","true"
"156/05:36:56","156/06:20:27","KU AVAIL","true"
"156/06:30:47","156/07:16:24","S AVAIL","true"
"156/06:39:30","156/07:16:24","KU AVAIL","true"
"156/07:16:44","156/07:58:48","KU AVAIL","true"
"156/07:16:44","156/07:58:48","S AVAIL","true"
"156/07:59:08","156/08:09:13","KU AVAIL","true"
"156/07:59:08","156/08:09:13","S AVAIL","true"
"156/08:09:33","156/08:55:41","KU AVAIL","true"
"156/08:09:33","156/08:55:41","S AVAIL","true"
"156/08:56:01","156/09:33:59","S AVAIL","true"
"156/08:56:58","156/09:33:59","KU AVAIL","true"
"156/09:34:19","156/09:53:28","KU AVAIL","true"
"156/09:34:19","156/09:53:28","S AVAIL","true"
"156/09:53:48","156/10:32:19","KU AVAIL","true"
"156/09:53:48","156/10:32:19","S AVAIL","true"
"156/10:33:54","156/11:08:47","KU AVAIL","true"
"156/10:33:54","156/11:09:28","S AVAIL","true"
"156/11:09:48","156/11:33:42","S AVAIL","true"
"156/11:13:03","156/11:33:42","KU AVAIL","true"
"156/11:34:02","156/12:13:32","KU AVAIL","true"
"156/11:34:02","156/12:13:32","S AVAIL","true"
"156/12:13:52","156/12:53:17","KU AVAIL","true"
"156/12:13:52","156/12:53:17","S AVAIL","true"
"156/12:53:37","156/13:16:35","KU AVAIL","true"
"156/12:53:37","156/13:16:35","S AVAIL","true"
"156/13:16:55","156/13:52:04","KU AVAIL","true"
"156/13:16:55","156/13:52:04","S AVAIL","true"
"156/13:52:24","156/14:24:49","KU AVAIL","true"
"156/13:52:24","156/14:24:49","S AVAIL","true"
"156/14:25:09","156/14:58:07","KU AVAIL","true"
"156/14:25:09","156/14:58:07","S AVAIL","true"
"156/14:58:27","156/15:31:16","KU AVAIL","true"
"156/14:58:27","156/15:31:16","S AVAIL","true"
"156/15:31:36","156/16:07:08","KU AVAIL","true"
"156/15:31:36","156/16:07:08","S AVAIL","true"
"156/16:07:28","156/16:34:25","KU AVAIL","true"
"156/16:07:28","156/16:34:25","S AVAIL","true"
"156/16:34:45","156/17:13:14","KU AVAIL","true"
"156/16:34:45","156/17:13:14","S AVAIL","true"
"156/17:13:34","156/17:57:40","KU AVAIL","true"
"156/17:13:34","156/17:57:40","S AVAIL","true"
"156/17:58:00","156/18:15:38","KU AVAIL","true"
"156/17:58:00","156/18:15:38","S AVAIL","true"
"156/18:15:58","156/18:50:50","KU AVAIL","true"
"156/18:15:58","156/18:51:27","S AVAIL","true"
"156/18:53:34","156/19:30:34","KU AVAIL","true"
"156/18:54:34","156/19:30:40","S AVAIL","true"
"156/19:32:04","156/19:34:09","S AVAIL","true"
"156/19:43:01","156/20:25:53","S AVAIL","true"
"156/19:52:24","156/20:25:53","KU AVAIL","true"
"156/20:27:23","156/21:13:15","S AVAIL","true"
"156/20:32:39","156/21:08:10","KU AVAIL","true"
"156/21:21:23","156/22:01:52","KU AVAIL","true"
"156/21:31:03","156/22:01:52","S AVAIL","true"
"156/22:05:29","156/22:49:55","S AVAIL","true"
"156/22:10:05","156/22:50:58","KU AVAIL","true"
"156/23:01:07","156/23:02:26","KU AVAIL","true"
"156/23:03:13","156/23:40:35","S AVAIL","true"
"156/23:04:26","156/23:40:35","KU AVAIL","true"
"156/23:43:51","157/00:27:11","KU AVAIL","true"
"156/23:43:51","157/00:27:11","S AVAIL","true"
"157/00:44:01","157/00:45:25","KU AVAIL","true"
"157/00:44:12","157/01:24:53","S AVAIL","true"
"157/00:46:29","157/01:24:53","KU AVAIL","true"
"157/01:25:13","157/01:59:33","KU AVAIL","true"
"157/01:25:13","157/01:59:33","S AVAIL","true"
"157/02:19:33","157/02:36:08","KU AVAIL","true"
"157/02:19:33","157/02:36:08","S AVAIL","true"
"157/02:36:28","157/03:07:14","KU AVAIL","true"
"157/02:36:28","157/03:07:14","S AVAIL","true"
"157/03:07:55","157/03:50:46","KU AVAIL","true"
"157/03:07:55","157/03:51:05","S AVAIL","true"
"157/04:04:29","157/04:44:55","S AVAIL","true"
"157/04:13:53","157/04:44:55","KU AVAIL","true"
"157/04:46:22","157/05:31:52","S AVAIL","true"
"157/04:46:41","157/05:31:52","KU AVAIL","true"
"157/05:42:06","157/06:21:11","S AVAIL","true"
"157/05:51:20","157/06:21:11","KU AVAIL","true"
"157/06:27:05","157/07:10:53","S AVAIL","true"
"157/06:27:12","157/07:11:36","KU AVAIL","true"
"157/07:19:52","157/07:57:43","S AVAIL","true"
"157/07:22:09","157/07:57:43","KU AVAIL","true"
"157/08:03:28","157/08:41:45","KU AVAIL","true"
"157/08:03:28","157/08:41:45","S AVAIL","true"
"157/08:56:32","157/09:35:42","S AVAIL","true"
"157/09:02:57","157/09:35:42","KU AVAIL","true"
"157/09:45:23","157/10:15:08","S AVAIL","true"
"157/09:45:45","157/10:15:08","KU AVAIL","true"
"157/10:35:42","157/11:24:12","S AVAIL","true"
"157/10:39:14","157/11:24:12","KU AVAIL","true"
"157/11:24:32","157/11:49:58","KU AVAIL","true"
"157/11:24:32","157/11:49:58","S AVAIL","true"
"157/12:09:58","157/12:26:58","KU AVAIL","true"
"157/12:09:58","157/12:26:58","S AVAIL","true"
"157/12:27:18","157/13:04:33","KU AVAIL","true"
"157/12:27:18","157/13:04:33","S AVAIL","true"
"157/13:04:53","157/13:39:38","KU AVAIL","true"
"157/13:04:53","157/13:36:32","S AVAIL","true"
"157/13:39:58","157/14:09:29","KU AVAIL","true"
"157/13:39:58","157/14:09:29","S AVAIL","true"
"157/14:09:49","157/14:42:03","KU AVAIL","true"
"157/14:09:49","157/14:42:03","S AVAIL","true"
"157/14:42:23","157/15:17:34","KU AVAIL","true"
"157/14:42:23","157/15:17:34","S AVAIL","true"
"157/15:17:54","157/15:46:18","KU AVAIL","true"
"157/15:17:54","157/15:46:18","S AVAIL","true"
"157/15:46:38","157/16:23:19","KU AVAIL","true"
"157/15:46:38","157/16:23:19","S AVAIL","true"
"157/16:23:39","157/17:01:16","KU AVAIL","true"
"157/16:23:39","157/17:01:16","S AVAIL","true"
"157/17:01:36","157/17:27:32","KU AVAIL","true"
"157/17:01:36","157/17:27:32","S AVAIL","true"
"157/17:27:52","157/18:02:43","KU AVAIL","true"
"157/17:27:52","157/18:05:10","S AVAIL","true"
"157/18:05:30","157/18:41:06","KU AVAIL","true"
"157/18:06:30","157/18:41:06","S AVAIL","true"
"157/18:54:55","157/19:30:02","S AVAIL","true"
"157/19:04:16","157/19:30:02","KU AVAIL","true"
"157/19:39:05","157/20:26:15","S AVAIL","true"
"157/19:44:25","157/20:20:00","KU AVAIL","true"
"157/20:28:30","157/20:29:13","S AVAIL","true"
"157/20:33:04","157/21:05:25","KU AVAIL","true"
"157/20:42:08","157/21:05:25","S AVAIL","true"
"157/21:21:46","157/22:02:05","S AVAIL","true"
"157/21:21:49","157/22:02:56","KU AVAIL","true"
"157/22:12:02","157/22:13:36","KU AVAIL","true"
"157/22:14:43","157/22:42:59","KU AVAIL","true"
"157/22:15:44","157/22:42:59","S AVAIL","true"
"157/22:54:47","157/23:38:57","S AVAIL","true"
"157/22:55:16","157/23:38:57","KU AVAIL","true"
"157/23:54:32","157/23:55:51","KU AVAIL","true"
"157/23:54:38","158/00:24:44","S AVAIL","true"
"157/23:56:58","158/00:24:44","KU AVAIL","true"
"158/00:35:50","158/01:18:27","KU AVAIL","true"
"158/00:35:50","158/01:18:27","S AVAIL","true"
"158/01:36:51","158/02:09:19","KU AVAIL","true"
"158/01:37:14","158/01:38:30","S AVAIL","true"
"158/01:42:51","158/02:09:19","S AVAIL","true"
"158/02:20:26","158/03:01:20","KU AVAIL","true"
"158/02:20:26","158/02:51:49","S AVAIL","true"
"158/02:53:56","158/03:01:27","S AVAIL","true"
"158/03:18:50","158/03:22:29","S AVAIL","true"
"158/03:25:07","158/03:48:24","S AVAIL","true"
"158/03:25:35","158/03:48:24","KU AVAIL","true"
"158/03:57:11","158/04:42:58","KU AVAIL","true"
"158/03:57:11","158/04:42:58","S AVAIL","true"
"158/04:53:56","158/05:24:52","S AVAIL","true"
"158/05:03:10","158/05:24:52","KU AVAIL","true"
"158/05:37:42","158/06:22:36","S AVAIL","true"
"158/05:38:48","158/06:22:36","KU AVAIL","true"
"158/06:31:49","158/07:01:12","S AVAIL","true"
"158/06:36:57","158/07:01:12","KU AVAIL","true"
"158/07:15:41","158/08:01:48","KU AVAIL","true"
"158/07:15:41","158/08:01:11","S AVAIL","true"
"158/08:08:12","158/08:38:31","S AVAIL","true"
"158/08:14:16","158/08:38:31","KU AVAIL","true"
"158/08:56:51","158/09:39:21","S AVAIL","true"
"158/08:57:37","158/09:33:06","KU AVAIL","true"
"158/09:41:36","158/09:42:11","S AVAIL","true"
"158/09:46:45","158/10:18:41","S AVAIL","true"
"158/09:54:29","158/10:18:41","KU AVAIL","true"
"158/10:35:36","158/11:09:21","KU AVAIL","true"
"158/10:35:36","158/11:09:21","S AVAIL","true"
"158/11:28:14","158/12:15:51","S AVAIL","true"
"158/11:30:46","158/11:31:53","KU AVAIL","true"
"158/11:37:16","158/12:15:51","KU AVAIL","true"
"158/12:16:11","158/12:55:18","KU AVAIL","true"
"158/12:16:11","158/12:48:18","S AVAIL","true"
"158/13:11:10","158/13:53:16","S AVAIL","true"
"158/13:18:33","158/13:53:16","KU AVAIL","true"
"158/13:53:36","158/14:37:58","KU AVAIL","true"
"158/13:53:36","158/14:28:30","S AVAIL","true"
"158/14:40:09","158/14:43:05","S AVAIL","true"
"158/14:51:34","158/15:34:01","S AVAIL","true"
"158/14:57:54","158/15:34:01","KU AVAIL","true"
"158/15:34:21","158/16:19:39","KU AVAIL","true"
"158/15:34:21","158/16:11:42","S AVAIL","true"
"158/16:30:30","158/17:00:51","S AVAIL","true"
"158/16:33:03","158/17:00:51","KU AVAIL","true"
"158/17:17:10","158/17:59:33","KU AVAIL","true"
"158/17:18:18","158/17:54:09","S AVAIL","true"
"158/17:55:10","158/17:59:33","S AVAIL","true"
"158/18:06:48","158/18:34:19","S AVAIL","true"
"158/18:16:07","158/18:34:19","KU AVAIL","true"
"158/18:50:16","158/19:38:07","S AVAIL","true"
"158/18:56:10","158/19:31:12","KU AVAIL","true"
"158/19:40:22","158/19:41:01","S AVAIL","true"
"158/19:43:55","158/19:50:35","S AVAIL","true"
"158/19:53:08","158/20:29:45","S AVAIL","true"
"158/19:53:34","158/20:32:54","KU AVAIL","true"
"158/20:30:42","158/20:32:54","S AVAIL","true"
"158/20:33:14","158/21:14:16","S AVAIL","true"
"158/20:33:35","158/21:14:48","KU AVAIL","true"
"158/21:23:06","158/21:45:52","KU AVAIL","true"
"158/21:29:41","158/21:45:52","S AVAIL","true"
"158/22:04:18","158/22:50:54","KU AVAIL","true"
"158/22:04:18","158/22:50:45","S AVAIL","true"
"158/23:04:52","158/23:06:16","KU AVAIL","true"
"158/23:04:59","158/23:25:55","S AVAIL","true"
"158/23:07:18","158/23:25:55","KU AVAIL","true"
"158/23:39:01","158/23:59:59","S AVAIL","true"
"158/23:45:38","158/23:59:59","KU AVAIL","true"
"159/00:00:00","159/00:29:55","KU AVAIL","true"
"159/00:00:00","159/00:30:18","S AVAIL","true"
"159/06:00:00","159/06:29:37","KU AVAIL","true"
"159/06:00:00","159/06:29:37","S AVAIL","true"
"159/06:29:57","159/07:14:11","KU AVAIL","true"
"159/06:29:57","159/07:12:23","S AVAIL","true"
"159/07:19:59","159/08:09:06","S AVAIL","true"
"159/07:25:18","159/08:09:06","KU AVAIL","true"
"159/08:09:26","159/08:44:33","KU AVAIL","true"
"159/08:09:26","159/08:50:46","S AVAIL","true"
"159/08:52:59","159/08:54:39","S AVAIL","true"
"159/08:57:34","159/08:59:53","S AVAIL","true"
"159/09:03:59","159/09:05:08","S AVAIL","true"
"159/09:04:46","159/09:47:05","KU AVAIL","true"
"159/09:06:15","159/09:47:05","S AVAIL","true"
"159/09:47:25","159/10:21:44","KU AVAIL","true"
"159/09:47:25","159/10:21:49","S AVAIL","true"
"159/10:38:13","159/10:44:08","S AVAIL","true"
"159/10:46:39","159/11:17:11","S AVAIL","true"
"159/10:47:08","159/11:24:40","KU AVAIL","true"
"159/11:17:17","159/11:24:40","S AVAIL","true"
"159/11:25:00","159/12:07:08","KU AVAIL","true"
"159/11:25:00","159/12:00:42","S AVAIL","true"
"159/12:03:38","159/12:06:25","S AVAIL","true"
"159/12:21:17","159/12:28:21","S AVAIL","true"
"159/12:22:17","159/12:25:27","KU AVAIL","true"
"159/12:26:27","159/12:27:44","KU AVAIL","true"
"159/12:29:31","159/13:04:47","KU AVAIL","true"
"159/12:30:08","159/13:04:47","S AVAIL","true"
"159/13:05:07","159/13:48:06","KU AVAIL","true"
"159/13:05:07","159/13:38:33","S AVAIL","true"
"159/13:50:02","159/13:54:09","S AVAIL","true"
"159/14:02:28","159/14:45:24","S AVAIL","true"
"159/14:09:06","159/14:45:24","KU AVAIL","true"
"159/14:45:44","159/15:31:06","KU AVAIL","true"
"159/14:45:44","159/15:21:28","S AVAIL","true"
"159/15:41:41","159/16:29:47","KU AVAIL","true"
"159/15:41:47","159/16:29:47","S AVAIL","true"
"159/16:30:07","159/17:11:41","KU AVAIL","true"
"159/16:30:07","159/17:11:10","S AVAIL","true"
"159/17:18:42","159/18:03:36","S AVAIL","true"
"159/17:27:35","159/18:03:02","KU AVAIL","true"
"159/18:03:56","159/18:43:36","S AVAIL","true"
"159/18:07:22","159/18:42:22","KU AVAIL","true"
"159/18:44:31","159/18:48:25","S AVAIL","true"
"159/18:51:43","159/18:53:32","S AVAIL","true"
"159/18:55:15","159/19:40:51","S AVAIL","true"
"159/19:04:46","159/19:40:46","KU AVAIL","true"
"159/19:41:33","159/19:45:22","KU AVAIL","true"
"159/19:41:51","159/19:45:22","S AVAIL","true"
"159/19:45:42","159/20:22:03","KU AVAIL","true"
"159/19:45:42","159/20:26:07","S AVAIL","true"
"159/20:33:54","159/21:16:07","KU AVAIL","true"
"159/20:44:00","159/21:16:07","S AVAIL","true"
"159/21:16:27","159/22:04:16","KU AVAIL","true"
"159/21:16:27","159/22:01:41","S AVAIL","true"
"159/22:13:20","159/22:57:28","S AVAIL","true"
"159/22:14:43","159/22:16:04","KU AVAIL","true"
"159/22:17:06","159/22:57:28","KU AVAIL","true"
"159/22:57:48","159/23:40:10","KU AVAIL","true"
"159/22:57:48","159/23:41:04","S AVAIL","true"
"159/23:56:30","160/00:40:23","S AVAIL","true"
"159/23:57:39","159/23:59:00","KU AVAIL","true"
"160/00:00:07","160/00:40:23","KU AVAIL","true"
"160/00:40:43","160/01:21:34","KU AVAIL","true"
"160/00:40:43","160/01:22:54","S AVAIL","true"
"160/01:39:01","160/02:21:56","KU AVAIL","true"
"160/01:48:36","160/02:21:56","S AVAIL","true"
"160/02:22:16","160/03:04:21","KU AVAIL","true"
"160/02:22:16","160/03:05:37","S AVAIL","true"
"160/03:17:00","160/04:02:05","S AVAIL","true"
"160/03:26:17","160/04:01:51","KU AVAIL","true"
"160/04:02:25","160/04:45:09","KU AVAIL","true"
"160/04:02:25","160/04:45:37","S AVAIL","true"
"160/04:54:53","160/05:41:12","S AVAIL","true"
"160/05:03:35","160/05:41:12","KU AVAIL","true"
"160/05:41:32","160/06:25:29","KU AVAIL","true"
"160/05:41:32","160/06:23:27","S AVAIL","true"
"160/06:31:49","160/07:20:43","S AVAIL","true"
"160/06:33:06","160/06:36:09","KU AVAIL","true"
"160/06:36:49","160/07:20:43","KU AVAIL","true"
"160/07:21:03","160/07:58:02","KU AVAIL","true"
"160/07:21:03","160/08:02:16","S AVAIL","true"
"160/08:08:55","160/08:15:52","S AVAIL","true"
"160/08:15:41","160/08:58:32","KU AVAIL","true"
"160/08:17:16","160/08:58:32","S AVAIL","true"
"160/08:58:52","160/09:32:47","KU AVAIL","true"
"160/08:58:52","160/09:33:57","S AVAIL","true"
"160/09:34:52","160/09:38:23","S AVAIL","true"
"160/09:48:45","160/09:55:27","S AVAIL","true"
"160/09:50:28","160/09:51:50","KU AVAIL","true"
"160/09:56:55","160/10:38:27","S AVAIL","true"
"160/09:57:14","160/10:38:27","KU AVAIL","true"
"160/10:38:47","160/11:18:21","KU AVAIL","true"
"160/10:38:47","160/11:17:46","S AVAIL","true"
"160/11:31:37","160/11:37:47","S AVAIL","true"
"160/11:39:57","160/12:16:35","S AVAIL","true"
"160/11:40:29","160/12:16:35","KU AVAIL","true"
"160/12:16:55","160/12:58:46","KU AVAIL","true"
"160/12:16:55","160/12:49:13","S AVAIL","true"
"160/13:00:28","160/13:04:27","S AVAIL","true"
"160/13:13:35","160/13:17:25","S AVAIL","true"
"160/13:17:54","160/13:20:47","S AVAIL","true"
"160/13:20:38","160/13:56:40","KU AVAIL","true"
"160/13:22:11","160/13:56:40","S AVAIL","true"
"160/13:57:00","160/14:41:38","KU AVAIL","true"
"160/13:57:00","160/14:31:49","S AVAIL","true"
"160/14:43:12","160/14:47:21","S AVAIL","true"
"160/14:53:19","160/15:37:09","S AVAIL","true"
"160/14:58:25","160/15:37:09","KU AVAIL","true"
"160/15:37:29","160/16:22:51","KU AVAIL","true"
"160/15:37:29","160/16:22:17","S AVAIL","true"
"160/16:30:52","160/17:18:26","S AVAIL","true"
"160/16:39:33","160/17:14:54","KU AVAIL","true"
"160/17:18:46","160/17:54:41","KU AVAIL","true"
"160/17:18:46","160/17:54:47","S AVAIL","true"
"160/17:56:12","160/17:59:17","S AVAIL","true"
"160/18:07:02","160/18:51:57","S AVAIL","true"
"160/18:16:25","160/18:51:57","KU AVAIL","true"
"160/18:52:17","160/19:38:14","S AVAIL","true"
"160/18:56:41","160/19:32:11","KU AVAIL","true"
"160/19:45:19","160/20:29:36","KU AVAIL","true"
"160/19:55:04","160/20:29:36","S AVAIL","true"
"160/20:29:56","160/21:13:53","S AVAIL","true"
"160/20:34:05","160/21:15:55","KU AVAIL","true"
"160/21:23:59","160/22:08:26","S AVAIL","true"
"160/21:25:03","160/21:26:24","KU AVAIL","true"
"160/21:27:26","160/22:08:26","KU AVAIL","true"
"160/22:08:46","160/22:51:49","KU AVAIL","true"
"160/22:08:46","160/22:52:12","S AVAIL","true"
"160/23:06:44","160/23:51:06","S AVAIL","true"
"160/23:08:14","160/23:09:38","KU AVAIL","true"
"160/23:10:38","160/23:51:06","KU AVAIL","true"
"160/23:51:26","161/00:31:56","KU AVAIL","true"
"160/23:51:26","161/00:33:11","S AVAIL","true"
"161/00:50:05","161/01:33:35","KU AVAIL","true"
"161/01:00:15","161/01:33:35","S AVAIL","true"
"161/01:33:55","161/02:14:55","KU AVAIL","true"
"161/01:33:55","161/02:14:55","S AVAIL","true"
"161/02:15:15","161/02:37:40","KU AVAIL","true"
"161/02:15:15","161/02:37:40","S AVAIL","true"
"161/02:38:00","161/03:12:53","KU AVAIL","true"
"161/02:38:00","161/03:12:53","S AVAIL","true"
"161/03:13:13","161/03:56:17","KU AVAIL","true"
"161/03:13:13","161/03:56:17","S AVAIL","true"
"161/03:56:37","161/04:15:03","KU AVAIL","true"
"161/03:56:37","161/04:15:03","S AVAIL","true"
"161/04:15:23","161/04:51:34","KU AVAIL","true"
"161/04:15:23","161/04:51:34","S AVAIL","true"
"161/04:51:54","161/05:34:59","KU AVAIL","true"
"161/04:51:54","161/05:34:59","S AVAIL","true"
"161/05:35:19","161/05:43:33","KU AVAIL","true"
"161/05:35:19","161/05:43:33","S AVAIL","true"
"161/05:43:53","161/06:28:14","KU AVAIL","true"
"161/05:43:53","161/06:28:14","S AVAIL","true"
"161/06:28:34","161/07:11:13","KU AVAIL","true"
"161/06:28:34","161/07:13:55","S AVAIL","true"
"161/07:20:27","161/08:10:06","S AVAIL","true"
"161/07:26:54","161/08:10:06","KU AVAIL","true"
"161/08:10:26","161/08:44:46","KU AVAIL","true"
"161/08:10:26","161/08:45:45","S AVAIL","true"
"161/08:46:44","161/08:50:46","S AVAIL","true"
"161/08:53:47","161/08:55:34","S AVAIL","true"
"161/08:59:35","161/09:06:31","S AVAIL","true"
"161/09:01:31","161/09:03:48","KU AVAIL","true"
"161/09:04:38","161/09:06:54","KU AVAIL","true"
"161/09:07:44","161/09:49:53","KU AVAIL","true"
"161/09:08:24","161/09:49:53","S AVAIL","true"
"161/09:50:13","161/10:29:51","KU AVAIL","true"
"161/09:50:13","161/10:23:15","S AVAIL","true"
"161/10:24:17","161/10:29:17","S AVAIL","true"
"161/10:41:57","161/10:47:54","S AVAIL","true"
"161/10:43:23","161/10:45:41","KU AVAIL","true"
"161/10:50:31","161/11:29:14","S AVAIL","true"
"161/10:51:08","161/11:29:14","KU AVAIL","true"
"161/11:29:34","161/12:09:31","KU AVAIL","true"
"161/11:29:34","161/12:00:18","S AVAIL","true"
"161/12:25:34","161/13:07:30","S AVAIL","true"
"161/12:31:47","161/13:07:30","KU AVAIL","true"
"161/13:07:50","161/13:51:37","KU AVAIL","true"
"161/13:07:50","161/13:42:20","S AVAIL","true"
"161/13:53:56","161/13:58:08","S AVAIL","true"
"161/14:04:23","161/14:48:40","S AVAIL","true"
"161/14:10:26","161/14:48:40","KU AVAIL","true"
"161/14:49:00","161/15:34:14","KU AVAIL","true"
"161/14:49:00","161/15:25:50","S AVAIL","true"
"161/15:32:14","161/15:33:35","S AVAIL","true"
"161/15:43:02","161/16:30:34","S AVAIL","true"
"161/15:51:39","161/16:26:59","KU AVAIL","true"
"161/16:30:54","161/17:06:28","KU AVAIL","true"
"161/16:30:54","161/17:06:24","S AVAIL","true"
"161/17:19:07","161/18:03:58","S AVAIL","true"
"161/17:28:28","161/18:03:58","KU AVAIL","true"
"161/18:04:18","161/18:50:30","S AVAIL","true"
"161/18:08:41","161/18:44:15","KU AVAIL","true"
"161/18:52:45","161/18:54:31","S AVAIL","true"
"161/18:56:21","161/18:57:38","S AVAIL","true"
"161/18:57:07","161/19:46:42","KU AVAIL","true"
"161/19:06:17","161/19:46:42","S AVAIL","true"
"161/19:47:02","161/20:28:11","KU AVAIL","true"
"161/19:47:02","161/20:26:17","S AVAIL","true"
"161/20:35:09","161/21:17:40","S AVAIL","true"
"161/20:36:07","161/20:37:27","KU AVAIL","true"
"161/20:39:03","161/21:17:40","KU AVAIL","true"
"161/21:18:00","161/22:04:17","KU AVAIL","true"
"161/21:18:00","161/22:03:04","S AVAIL","true"
"161/22:17:14","161/23:02:01","S AVAIL","true"
"161/22:18:56","161/22:20:17","KU AVAIL","true"
"161/22:21:18","161/23:02:01","KU AVAIL","true"
"161/23:02:21","161/23:43:11","KU AVAIL","true"
"161/23:02:21","161/23:43:53","S AVAIL","true"
"162/00:00:33","162/00:03:55","S AVAIL","true"
"162/00:01:18","162/00:47:04","KU AVAIL","true"
"162/00:06:31","162/00:47:04","S AVAIL","true"
"162/00:47:24","162/01:25:49","KU AVAIL","true"
"162/00:47:24","162/01:27:00","S AVAIL","true"
"162/01:40:29","162/01:43:01","S AVAIL","true"
"162/01:45:11","162/01:46:43","S AVAIL","true"
"162/01:49:39","162/02:24:46","S AVAIL","true"
"162/01:50:06","162/02:24:46","KU AVAIL","true"
"162/02:25:06","162/03:07:41","KU AVAIL","true"
"162/02:25:06","162/03:08:40","S AVAIL","true"
"162/03:18:23","162/04:03:01","S AVAIL","true"
"162/03:27:37","162/04:03:01","KU AVAIL","true"
"162/04:03:21","162/04:48:13","KU AVAIL","true"
"162/04:03:21","162/04:47:12","S AVAIL","true"
"162/04:56:14","162/05:40:58","S AVAIL","true"
"162/05:01:12","162/05:40:58","KU AVAIL","true"
"162/05:41:18","162/06:27:21","KU AVAIL","true"
"162/05:41:18","162/06:25:40","S AVAIL","true"
"162/06:32:33","162/07:07:24","S AVAIL","true"
"162/06:38:38","162/07:13:04","KU AVAIL","true"
"162/07:13:24","162/08:03:48","S AVAIL","true"
"162/07:22:05","162/07:57:33","KU AVAIL","true"
"162/08:06:04","162/08:07:44","S AVAIL","true"
"162/08:11:02","162/08:18:13","S AVAIL","true"
"162/08:19:21","162/09:00:46","KU AVAIL","true"
"162/08:19:36","162/09:00:46","S AVAIL","true"
"162/09:01:06","162/09:34:48","KU AVAIL","true"
"162/09:01:06","162/09:35:18","S AVAIL","true"
"162/09:36:02","162/09:41:46","KU AVAIL","true"
"162/09:36:18","162/09:40:00","S AVAIL","true"
"162/09:52:39","162/09:58:43","S AVAIL","true"
"162/09:53:57","162/09:56:20","KU AVAIL","true"
"162/10:01:06","162/10:41:40","S AVAIL","true"
"162/10:01:57","162/10:41:40","KU AVAIL","true"
"162/10:42:00","162/11:20:54","KU AVAIL","true"
"162/10:42:00","162/11:12:21","S AVAIL","true"
"162/11:35:50","162/11:43:09","S AVAIL","true"
"162/11:41:59","162/11:43:26","KU AVAIL","true"
"162/11:44:22","162/12:18:49","KU AVAIL","true"
"162/11:44:32","162/12:18:49","S AVAIL","true"
"162/12:19:09","162/13:02:13","KU AVAIL","true"
"162/12:19:09","162/12:53:04","S AVAIL","true"
"162/13:06:19","162/13:09:00","S AVAIL","true"
"162/13:16:19","162/13:59:49","S AVAIL","true"
"162/13:22:38","162/13:59:49","KU AVAIL","true"
"162/14:00:09","162/14:45:37","KU AVAIL","true"
"162/14:00:09","162/14:36:18","S AVAIL","true"
"162/14:55:04","162/15:40:55","KU AVAIL","true"
"162/14:55:12","162/15:42:47","S AVAIL","true"
"162/15:43:07","162/16:25:23","KU AVAIL","true"
"162/15:43:07","162/16:18:54","S AVAIL","true"
"162/16:19:55","162/16:24:58","S AVAIL","true"
"162/16:31:26","162/17:15:33","S AVAIL","true"
"162/16:40:46","162/17:15:33","KU AVAIL","true"
"162/17:15:53","162/18:02:48","S AVAIL","true"
"162/17:20:53","162/17:55:54","KU AVAIL","true"
"162/18:05:04","162/18:06:49","S AVAIL","true"
"162/18:08:30","162/18:15:06","S AVAIL","true"
"162/18:17:42","162/18:54:17","S AVAIL","true"
"162/18:18:09","162/18:58:43","KU AVAIL","true"
"162/18:55:14","162/18:58:43","S AVAIL","true"
"162/18:59:03","162/19:40:33","KU AVAIL","true"
"162/18:59:03","162/19:38:54","S AVAIL","true"
"162/19:47:37","162/20:29:41","KU AVAIL","true"
"162/19:47:47","162/19:48:49","S AVAIL","true"
"162/19:53:01","162/20:29:41","S AVAIL","true"
"162/20:30:01","162/21:16:36","KU AVAIL","true"
"162/20:30:01","162/21:15:26","S AVAIL","true"
"162/21:27:56","162/22:11:54","S AVAIL","true"
"162/21:29:39","162/21:31:00","KU AVAIL","true"
"162/21:32:07","162/22:11:54","KU AVAIL","true"
"162/22:12:14","162/22:30:50","KU AVAIL","true"
"162/22:12:14","162/22:55:38","S AVAIL","true"
"162/22:45:00","162/22:54:44","KU AVAIL","true"
"162/23:11:24","162/23:55:11","S AVAIL","true"
"162/23:12:25","162/23:13:36","KU AVAIL","true"
"162/23:15:35","162/23:55:11","KU AVAIL","true"
"162/23:55:31","163/00:36:32","KU AVAIL","true"
"162/23:55:31","163/00:37:47","S AVAIL","true"
"163/00:53:07","163/01:35:53","KU AVAIL","true"
"163/01:02:14","163/01:35:53","S AVAIL","true"
"163/01:36:13","163/02:19:08","KU AVAIL","true"
"163/01:36:13","163/02:20:05","S AVAIL","true"
"163/02:30:37","163/03:16:29","S AVAIL","true"
"163/02:39:53","163/03:15:23","KU AVAIL","true"
"163/03:16:49","163/03:59:39","KU AVAIL","true"
"163/03:16:49","163/03:59:47","S AVAIL","true"
"163/04:08:25","163/04:55:01","S AVAIL","true"
"163/04:17:12","163/04:55:01","KU AVAIL","true"
"163/04:55:21","163/05:39:30","KU AVAIL","true"
"163/04:55:21","163/05:37:44","S AVAIL","true"
"163/05:45:15","163/06:18:00","S AVAIL","true"
"163/05:50:34","163/06:25:27","KU AVAIL","true"
"163/06:25:47","163/07:16:03","S AVAIL","true"
"163/06:34:29","163/07:09:50","KU AVAIL","true"
"163/07:18:17","163/07:19:57","S AVAIL","true"
"163/07:28:44","163/07:30:19","S AVAIL","true"
"163/07:30:02","163/08:12:21","KU AVAIL","true"
"163/07:31:24","163/08:12:21","S AVAIL","true"
"163/08:12:41","163/08:46:53","KU AVAIL","true"
"163/08:12:41","163/08:47:00","S AVAIL","true"
"163/09:03:25","163/09:09:22","S AVAIL","true"
"163/09:04:52","163/09:07:11","KU AVAIL","true"
"163/09:11:51","163/09:52:33","S AVAIL","true"
"163/09:12:39","163/09:52:33","KU AVAIL","true"
"163/09:52:53","163/10:32:23","KU AVAIL","true"
"163/09:52:53","163/10:25:15","S AVAIL","true"
"163/10:29:47","163/10:31:45","S AVAIL","true"
"163/10:46:48","163/10:53:37","S AVAIL","true"
"163/10:48:32","163/10:50:28","KU AVAIL","true"
"163/10:55:11","163/11:30:20","KU AVAIL","true"
"163/10:55:43","163/11:30:20","S AVAIL","true"
"163/11:30:40","163/12:13:14","KU AVAIL","true"
"163/11:30:40","163/12:03:58","S AVAIL","true"
"163/12:16:18","163/12:19:44","S AVAIL","true"
"163/12:28:05","163/13:11:11","S AVAIL","true"
"163/12:34:44","163/13:11:11","KU AVAIL","true"
"163/13:11:31","163/13:56:42","KU AVAIL","true"
"163/13:11:31","163/13:47:00","S AVAIL","true"
"163/14:07:16","163/14:55:05","S AVAIL","true"
"163/14:07:35","163/14:55:05","KU AVAIL","true"
"163/14:55:25","163/15:37:19","KU AVAIL","true"
"163/14:55:25","163/15:36:42","S AVAIL","true"
"163/15:44:13","163/16:28:51","S AVAIL","true"
"163/15:53:06","163/16:28:32","KU AVAIL","true"
"163/16:29:11","163/17:09:12","S AVAIL","true"
"163/16:33:04","163/17:07:57","KU AVAIL","true"
"163/17:10:07","163/17:14:03","S AVAIL","true"
"163/17:17:18","163/17:19:08","S AVAIL","true"
"163/17:20:42","163/18:06:17","S AVAIL","true"
"163/17:30:13","163/18:10:54","KU AVAIL","true"
"163/18:07:18","163/18:10:54","S AVAIL","true"
"163/18:11:14","163/18:47:34","KU AVAIL","true"
"163/18:11:14","163/18:51:33","S AVAIL","true"
"163/18:59:19","163/19:16:46","KU AVAIL","true"
"163/19:08:44","163/19:41:15","S AVAIL","true"
"163/19:24:51","163/19:41:15","KU AVAIL","true"
"163/19:41:35","163/20:29:03","KU AVAIL","true"
"163/19:41:35","163/20:27:12","S AVAIL","true"
"163/20:38:46","163/21:22:48","S AVAIL","true"
"163/20:40:17","163/20:41:40","KU AVAIL","true"
"163/20:42:42","163/21:22:48","KU AVAIL","true"
"163/21:23:08","163/22:05:36","KU AVAIL","true"
"163/21:23:08","163/21:39:58","S AVAIL","true"
"163/22:22:11","163/23:06:07","S AVAIL","true"
"163/22:23:35","163/22:24:52","KU AVAIL","true"
"163/22:25:56","163/23:06:07","KU AVAIL","true"
"163/23:06:27","163/23:47:16","KU AVAIL","true"
"163/23:06:27","163/23:48:33","S AVAIL","true"
"164/00:04:50","164/00:47:34","KU AVAIL","true"
"164/00:14:31","164/00:47:34","S AVAIL","true"
"164/00:47:54","164/01:30:15","KU AVAIL","true"
"164/00:47:54","164/01:31:38","S AVAIL","true"
"164/01:42:47","164/02:27:57","S AVAIL","true"
"164/01:52:06","164/02:27:39","KU AVAIL","true"
"164/02:28:17","164/03:10:55","KU AVAIL","true"
"164/02:28:17","164/03:11:30","S AVAIL","true"
"164/03:20:38","164/04:07:04","S AVAIL","true"
"164/03:29:22","164/04:07:04","KU AVAIL","true"
"164/04:07:24","164/04:51:20","KU AVAIL","true"
"164/04:07:24","164/04:49:14","S AVAIL","true"
"164/04:57:23","164/05:46:29","S AVAIL","true"
"164/04:58:48","164/05:00:56","KU AVAIL","true"
"164/05:02:33","164/05:46:29","KU AVAIL","true"
"164/05:46:49","164/06:23:45","KU AVAIL","true"
"164/05:46:49","164/06:28:02","S AVAIL","true"
"164/06:37:26","164/06:44:52","S AVAIL","true"
"164/06:44:20","164/07:25:37","KU AVAIL","true"
"164/06:45:53","164/07:25:37","S AVAIL","true"
"164/07:25:57","164/07:58:24","KU AVAIL","true"
"164/07:25:57","164/07:59:38","S AVAIL","true"
"164/08:00:34","164/08:04:01","S AVAIL","true"
"164/08:14:23","164/08:20:18","S AVAIL","true"
"164/08:22:49","164/09:04:08","S AVAIL","true"
"164/08:23:17","164/09:04:08","KU AVAIL","true"
"164/09:04:28","164/09:44:02","KU AVAIL","true"
"164/09:04:28","164/09:43:23","S AVAIL","true"
"164/09:57:32","164/10:03:36","S AVAIL","true"
"164/10:00:11","164/10:01:15","KU AVAIL","true"
"164/10:06:07","164/10:41:40","S AVAIL","true"
"164/10:06:36","164/10:41:40","KU AVAIL","true"
"164/10:42:00","164/11:24:23","KU AVAIL","true"
"164/10:42:00","164/11:14:46","S AVAIL","true"
"164/11:26:16","164/11:30:25","S AVAIL","true"
"164/11:39:39","164/11:43:26","S AVAIL","true"
"164/11:44:00","164/11:46:12","S AVAIL","true"
"164/11:46:50","164/12:22:29","KU AVAIL","true"
"164/11:48:21","164/12:22:29","S AVAIL","true"
"164/12:22:49","164/13:07:16","KU AVAIL","true"
"164/12:22:49","164/12:57:53","S AVAIL","true"
"164/13:09:24","164/13:13:33","S AVAIL","true"
"164/13:19:23","164/14:03:21","S AVAIL","true"
"164/13:24:29","164/14:03:21","KU AVAIL","true"
"164/14:03:41","164/14:49:03","KU AVAIL","true"
"164/14:03:41","164/14:42:36","S AVAIL","true"
"164/14:44:30","164/14:48:26","S AVAIL","true"
"164/14:56:49","164/15:44:30","S AVAIL","true"
"164/15:05:26","164/15:40:50","KU AVAIL","true"
"164/15:44:50","164/16:20:45","KU AVAIL","true"
"164/15:44:50","164/16:20:51","S AVAIL","true"
"164/16:22:16","164/16:25:20","S AVAIL","true"
"164/16:32:57","164/17:17:50","S AVAIL","true"
"164/16:42:19","164/17:17:50","KU AVAIL","true"
"164/17:18:10","164/18:04:11","S AVAIL","true"
"164/17:22:42","164/17:58:12","KU AVAIL","true"
"164/18:11:09","164/18:55:17","KU AVAIL","true"
"164/18:20:57","164/18:55:17","S AVAIL","true"
"164/18:55:37","164/19:39:41","S AVAIL","true"
"164/18:59:51","164/19:41:45","KU AVAIL","true"
"164/19:49:49","164/20:33:43","S AVAIL","true"
"164/19:51:02","164/19:52:25","KU AVAIL","true"
"164/19:53:27","164/20:33:43","KU AVAIL","true"
"164/20:34:03","164/21:17:11","KU AVAIL","true"
"164/20:34:03","164/21:16:56","S AVAIL","true"
"164/21:32:48","164/22:17:04","S AVAIL","true"
"164/21:34:32","164/21:35:52","KU AVAIL","true"
"164/21:36:53","164/22:17:04","KU AVAIL","true"
"164/22:17:24","164/22:58:03","KU AVAIL","true"
"164/22:17:24","164/22:59:17","S AVAIL","true"
"164/23:16:20","164/23:59:35","KU AVAIL","true"
"164/23:26:11","164/23:59:35","S AVAIL","true"
"164/23:59:55","165/00:41:18","KU AVAIL","true"
"164/23:59:55","165/00:42:34","S AVAIL","true"
"165/00:54:51","165/01:39:10","S AVAIL","true"
"165/01:04:17","165/01:39:10","KU AVAIL","true"
"165/01:39:30","165/02:22:36","KU AVAIL","true"
"165/01:39:30","165/02:23:38","S AVAIL","true"
"165/02:32:21","165/03:17:54","S AVAIL","true"
"165/02:41:36","165/03:17:54","KU AVAIL","true"
"165/03:18:14","165/04:02:57","KU AVAIL","true"
"165/03:18:14","165/04:01:16","S AVAIL","true"
"165/04:09:54","165/04:54:28","KU AVAIL","true"
"165/04:10:02","165/04:54:28","S AVAIL","true"
"165/04:54:48","165/05:36:29","KU AVAIL","true"
"165/04:54:48","165/05:40:07","S AVAIL","true"
"165/05:48:49","165/06:26:54","S AVAIL","true"
"165/05:55:33","165/06:07:27","KU AVAIL","true"
"165/06:27:14","165/07:11:48","S AVAIL","true"
"165/06:35:53","165/07:10:40","KU AVAIL","true"
"165/07:12:48","165/07:16:45","S AVAIL","true"
"165/07:25:33","165/07:32:15","S AVAIL","true"
"165/07:26:33","165/07:29:13","KU AVAIL","true"
"165/07:33:54","165/08:15:55","KU AVAIL","true"
"165/07:34:15","165/08:15:55","S AVAIL","true"
"165/08:16:15","165/08:55:45","KU AVAIL","true"
"165/08:16:15","165/08:49:15","S AVAIL","true"
"165/08:50:16","165/08:55:17","S AVAIL","true"
"165/09:08:07","165/09:14:18","S AVAIL","true"
"165/09:10:20","165/09:11:54","KU AVAIL","true"
"165/09:15:55","165/10:02:05","S AVAIL","true"
"165/09:17:35","165/10:02:05","KU AVAIL","true"
"165/10:02:25","165/10:26:13","S AVAIL","true"
"165/10:14:10","165/10:35:37","KU AVAIL","true"
"165/10:37:13","165/10:41:12","S AVAIL","true"
"165/10:51:02","165/10:53:36","S AVAIL","true"
"165/10:56:29","165/10:58:44","S AVAIL","true"
"165/10:59:16","165/11:33:32","KU AVAIL","true"
"165/10:59:53","165/11:33:32","S AVAIL","true"
"165/11:33:52","165/12:17:20","KU AVAIL","true"
"165/11:33:52","165/12:08:29","S AVAIL","true"
"165/12:21:52","165/12:24:34","S AVAIL","true"
"165/12:30:44","165/13:14:56","S AVAIL","true"
"165/12:36:47","165/13:14:56","KU AVAIL","true"
"165/13:15:16","165/14:00:36","KU AVAIL","true"
"165/13:15:16","165/13:52:00","S AVAIL","true"
"165/13:58:51","165/14:00:00","S AVAIL","true"
"165/14:09:14","165/14:56:55","S AVAIL","true"
"165/14:17:53","165/14:53:10","KU AVAIL","true"
